Home,Price,SqFt,Bedrooms,Bathrooms,Offers,Brick,Neighborhood
1,189533,1986,5,3,3,No,South
2,392432,1614,4,3,2,No,West
3,265689,1024,4,2,0,Yes,North
4,407315,4174,2,1,2,Yes,East
5,445526,3903,3,4,0,No,South
6,445786,3123,5,1,0,No,East
7,111838,655,4,4,4,Yes,East
8,289457,2191,3,2,1,Yes,West
9,338225,1604,2,2,1,No,East
10,321431,4403,4,2,4,Yes,East
11,293014,828,5,3,4,No,South
12,171964,3263,2,2,4,Yes,East
13,71221,3598,3,4,1,Yes,East
14,369136,4414,3,1,3,Yes,North
15,107760,2302,1,2,4,Yes,North
16,248299,4382,5,4,0,Yes,South
17,95934,2672,1,2,4,No,South
18,214258,2293,3,1,1,Yes,East
19,153792,4027,1,2,0,Yes,North
20,273406,4786,3,3,5,Yes,North
21,149492,834,5,2,3,No,North
22,474444,2704,3,4,0,No,East
23,269520,3861,5,3,4,No,East
24,275837,2051,3,1,0,No,South
25,171791,3329,3,3,1,Yes,West
26,168669,1514,5,3,4,No,North
27,277886,718,2,4,0,Yes,East
28,438046,904,2,4,2,Yes,South
29,280372,4370,3,4,1,Yes,West
30,414039,1979,1,2,2,Yes,East
31,134801,2990,1,1,0,Yes,South
32,396684,4504,2,4,0,No,East
33,195958,2247,4,2,4,Yes,South
34,297740,1407,4,2,1,Yes,South
35,82429,3567,5,3,5,No,North
36,348366,3881,4,1,3,No,North
37,281419,1399,4,2,5,Yes,East
38,173625,1681,4,1,1,No,North
39,95884,1894,2,3,3,No,East
40,279418,2493,5,3,0,No,East
41,122042,2549,2,4,1,No,South
42,241828,2877,2,2,5,Yes,West
43,387805,2046,4,1,2,Yes,East
44,394944,1794,1,3,5,Yes,North
45,406951,1447,3,1,2,Yes,East
46,344214,3713,5,4,0,No,South
47,340039,3867,1,3,5,No,West
48,471608,2166,4,1,2,No,West
49,313680,1837,3,1,1,No,East
50,466626,515,4,3,4,Yes,West
51,54905,3333,5,2,3,No,South
52,54135,3765,4,3,1,Yes,South
53,489267,2301,3,1,5,Yes,East
54,79448,4404,1,2,0,No,South
55,368856,4728,5,1,3,Yes,East
56,142620,3702,3,3,1,No,North
57,292126,4691,1,3,0,Yes,East
58,75853,1923,4,4,1,No,South
59,68759,1939,3,1,1,No,East
60,61032,916,3,1,5,Yes,West
61,107585,1003,4,4,0,No,South
62,484196,1509,2,4,1,No,North
63,108635,3666,2,1,1,No,North
64,216585,2741,2,1,5,No,North
65,123187,3400,1,3,4,No,South
66,355324,2391,1,3,1,Yes,West
67,324633,2397,2,2,4,No,South
68,82754,3347,5,3,1,Yes,South
69,409771,1963,3,1,0,Yes,West
70,377044,2421,1,1,3,No,South
71,394048,2614,4,3,4,Yes,West
72,493724,2713,3,2,3,No,North
73,355574,3578,1,1,3,No,East
74,282838,730,1,1,4,No,South
75,158933,1087,4,3,0,Yes,East
76,423173,3104,3,4,1,Yes,North
77,50425,715,5,3,0,No,East
78,446659,2932,3,4,1,No,East
79,79704,2977,3,4,1,Yes,South
80,273605,734,2,4,2,Yes,West
81,124322,3107,4,1,1,No,East
82,325508,3413,1,1,5,Yes,North
83,453234,3717,5,1,2,Yes,South
84,285847,2372,5,3,0,Yes,South
85,181944,598,2,3,0,No,South
86,214515,1128,2,2,5,Yes,East
87,497562,2202,3,3,3,Yes,South
88,234508,1825,4,4,4,No,North
89,51923,1434,3,1,5,No,North
90,81217,3746,4,4,0,No,North
91,472735,1556,1,4,3,No,South
92,103223,2283,2,4,5,Yes,North
93,80281,4186,4,1,2,Yes,West
94,460155,1103,1,4,5,No,North
95,210612,1135,5,1,3,No,East
96,381825,3927,5,1,4,Yes,North
97,259725,2066,4,2,2,No,South
98,117220,4940,1,3,1,No,North
99,111549,4059,4,3,4,Yes,North
100,393377,3952,2,1,4,Yes,West
101,237740,4745,4,3,1,Yes,East
102,341087,733,1,1,4,No,North
103,362440,4863,4,4,1,Yes,North
104,316011,1181,4,1,5,No,South
105,57002,1792,2,1,0,Yes,East
106,352096,3720,5,1,4,Yes,South
107,371836,744,2,2,3,No,South
108,115047,3817,4,2,0,Yes,North
109,231278,2601,4,4,4,Yes,West
110,289012,3371,3,2,4,Yes,East
111,234911,921,4,2,1,No,West
112,432550,2833,4,4,4,Yes,North
113,123772,4037,3,4,3,No,South
114,396176,4715,3,1,2,No,West
115,321433,2815,2,2,2,Yes,East
116,163762,4638,2,4,2,No,East
117,245485,2987,4,4,5,No,East
118,58436,3598,4,1,3,Yes,West
119,277548,604,5,3,0,No,South
120,214803,2677,5,1,1,No,South
121,334173,3395,5,4,5,No,North
122,213259,4763,2,4,3,Yes,West
123,252457,2174,3,3,4,No,North
124,377325,2040,4,2,3,No,South
125,146143,928,2,1,0,No,West
126,72752,570,5,4,2,No,South
127,160854,4963,5,4,5,Yes,South
128,480044,2317,2,1,3,Yes,West
129,381054,908,3,4,2,Yes,South
130,52034,3241,3,4,4,Yes,North
131,206333,4047,1,3,3,Yes,North
132,174651,1432,3,1,1,No,East
133,84875,1534,2,2,2,Yes,East
134,319016,883,3,3,3,No,North
135,334614,1520,1,3,4,Yes,North
136,480038,3311,2,3,5,Yes,West
137,333643,1461,5,3,2,Yes,South
138,114733,2192,4,4,4,No,North
139,323408,3621,3,3,4,Yes,West
140,324545,4882,2,3,4,No,West
141,412087,2826,3,2,0,Yes,South
142,395956,907,2,4,3,No,West
143,466837,3529,2,4,5,Yes,South
144,383311,4189,4,3,0,No,West
145,217566,505,1,3,5,No,North
146,156685,1532,3,4,1,Yes,West
147,452665,2925,1,4,5,Yes,West
148,131419,2471,4,2,0,No,West
149,479460,4266,1,2,2,Yes,East
150,419001,2361,1,3,0,No,East
151,200981,869,4,2,3,Yes,North
152,257631,1167,5,1,1,No,South
153,155952,4290,4,3,5,Yes,East
154,136575,1655,5,3,0,Yes,West
155,209316,1892,1,2,0,No,North
156,331878,3080,5,4,1,No,North
157,93876,2049,1,2,4,Yes,East
158,410240,4773,4,2,2,Yes,South
159,232352,2422,5,1,4,Yes,North
160,291953,4144,3,2,3,Yes,East
161,111621,2583,3,3,3,No,North
162,449175,1470,4,2,2,No,South
163,317700,2324,5,1,4,No,West
164,439852,1086,1,2,3,Yes,South
165,174630,1750,1,4,5,Yes,South
166,468557,3800,5,2,5,No,East
167,52227,3064,1,4,5,Yes,West
168,311351,594,3,2,3,Yes,West
169,283481,856,5,4,4,No,South
170,172895,4036,4,3,3,No,East
171,379342,3230,1,1,3,Yes,East
172,57732,3145,1,1,4,No,East
173,205057,4305,1,1,2,No,West
174,89453,4632,3,3,3,No,West
175,458294,2664,2,3,0,No,South
176,453348,2615,1,3,4,Yes,West
177,497918,4121,5,3,4,Yes,East
178,78515,4991,1,4,4,Yes,North
179,238261,2136,2,2,2,Yes,South
180,437263,1208,4,2,3,Yes,South
181,312364,964,1,4,5,No,East
182,471501,2409,5,4,2,No,North
183,288426,1559,1,1,5,No,West
184,491703,2467,3,3,1,Yes,North
185,321135,844,3,3,2,Yes,West
186,74202,891,3,2,3,Yes,South
187,408659,846,4,3,1,No,South
188,129184,2130,3,4,1,Yes,South
189,363640,3921,4,3,3,No,East
190,349362,4577,1,2,1,Yes,West
191,287034,4947,2,2,2,No,West
192,97115,4962,2,3,2,No,South
193,223365,3981,5,4,4,Yes,West
194,423068,2480,5,4,0,No,East
195,251377,2439,3,4,5,Yes,East
196,437348,2706,4,4,3,No,North
197,487844,1610,1,4,1,Yes,South
198,176835,2624,3,1,3,No,West
199,126427,3043,5,1,2,Yes,South
200,324885,1409,1,1,4,No,North
201,250604,3856,1,2,0,Yes,South
202,418153,3635,2,2,3,Yes,East
203,94278,4714,4,2,4,Yes,South
204,170703,2812,4,4,2,Yes,North
205,361664,3209,4,4,5,No,North
206,164854,937,5,1,3,No,North
207,354436,3625,2,4,4,No,West
208,255247,1590,2,4,3,Yes,East
209,457953,3725,4,4,1,Yes,West
210,332337,962,5,4,4,Yes,North
211,169577,3374,5,3,2,No,West
212,164991,2831,5,4,1,Yes,West
213,446957,2356,1,3,3,Yes,South
214,187512,4353,5,2,4,Yes,West
215,287066,2151,3,2,1,No,North
216,163339,3151,3,2,3,Yes,West
217,339581,4385,2,1,5,Yes,South
218,349358,4145,1,1,1,Yes,South
219,106044,4113,3,3,4,Yes,West
220,221386,4683,4,3,0,Yes,South
221,422843,3302,5,1,3,No,West
222,320818,1685,1,1,4,Yes,East
223,254439,2975,1,1,0,No,North
224,426742,1202,1,4,4,No,West
225,79907,4435,5,4,5,No,South
226,172423,4686,2,4,0,No,North
227,120116,2380,1,3,1,No,North
228,476708,2068,1,2,4,Yes,North
229,110711,517,2,4,3,Yes,South
230,323603,1211,3,3,2,No,North
231,334135,2699,4,2,0,No,South
232,241301,1522,2,1,1,No,West
233,270911,4443,5,3,0,Yes,East
234,408663,1255,5,2,1,No,North
235,232083,3525,3,4,0,Yes,East
236,364568,2010,3,4,4,No,South
237,58983,2396,2,3,5,Yes,South
238,63259,4585,5,3,1,Yes,South
239,395440,3368,4,1,1,No,West
240,133346,844,2,1,3,Yes,North
241,237319,1381,4,3,0,Yes,West
242,493124,1545,3,3,0,Yes,South
243,252559,1722,5,2,3,Yes,East
244,449712,2529,5,1,2,No,North
245,429670,3222,4,4,1,Yes,North
246,436991,1711,5,3,4,No,East
247,344247,1726,4,1,3,No,South
248,472356,3195,3,2,5,Yes,West
249,172963,838,4,4,5,Yes,East
250,300489,4921,4,4,1,Yes,North
251,470704,3903,2,2,4,Yes,South
252,350689,1013,5,3,5,No,East
253,230643,2325,4,3,2,Yes,South
254,246021,880,4,2,2,Yes,South
255,313104,4859,1,2,5,No,North
256,388884,2858,1,1,4,Yes,North
257,205805,3291,4,2,4,No,North
258,159218,2681,5,1,1,Yes,East
259,354673,2934,1,1,4,No,South
260,357007,4903,4,4,2,No,North
261,160519,3150,3,3,1,Yes,West
262,310467,2154,4,3,2,Yes,West
263,437304,4716,1,3,2,No,East
264,210585,599,3,2,0,No,North
265,351945,4217,1,1,3,Yes,East
266,294839,2972,5,1,0,No,North
267,189492,3461,2,1,1,Yes,North
268,462864,3808,1,3,1,Yes,East
269,327935,2484,1,1,4,No,South
270,420877,3083,1,3,2,No,North
271,81578,896,5,3,0,No,South
272,457724,3427,1,3,5,Yes,North
273,447060,1857,2,2,0,Yes,South
274,168219,2286,2,4,4,No,South
275,211220,1020,1,2,5,Yes,East
276,449354,1973,3,3,0,No,East
277,239287,2992,1,2,5,No,North
278,414108,3581,4,4,0,Yes,West
279,82444,669,4,3,5,No,North
280,335194,3826,3,3,2,No,West
281,304284,2976,1,2,3,No,North
282,250893,3624,2,3,5,Yes,West
283,95449,4524,2,1,3,Yes,West
284,476890,1105,3,1,4,No,North
285,245009,1939,4,4,4,No,North
286,120748,2789,3,4,4,Yes,North
287,295527,4188,4,3,4,No,South
288,331683,2261,3,2,2,No,West
289,369665,4691,2,2,2,No,East
290,220457,2878,2,1,1,No,North
291,150284,4057,4,2,2,No,East
292,157897,2861,1,3,0,Yes,North
293,283800,3199,1,3,3,No,West
294,309585,3506,3,3,1,No,East
295,184540,3790,5,3,5,Yes,South
296,153036,653,1,1,1,Yes,South
297,209678,2347,5,2,4,Yes,West
298,418093,4102,3,2,3,Yes,South
299,420459,2508,2,4,3,Yes,South
300,408498,4023,2,1,0,Yes,East
301,65317,1862,5,2,4,Yes,South
302,403975,4367,2,4,2,No,North
303,335765,4081,3,1,4,No,West
304,309593,4576,5,3,0,Yes,South
305,120970,1677,1,3,2,No,East
306,482137,3198,4,2,1,No,North
307,85445,3723,3,2,0,Yes,North
308,115828,4794,4,4,0,Yes,West
309,274978,527,3,4,0,No,West
310,240461,1391,5,4,1,No,West
311,477463,4517,4,3,1,No,North
312,140494,2138,1,1,3,Yes,South
313,197492,502,5,3,1,Yes,South
314,83964,3169,2,1,0,No,West
315,244256,3781,4,3,5,No,West
316,246848,4393,3,2,2,No,South
317,371984,1433,1,4,2,No,South
318,428751,4077,3,1,2,Yes,South
319,369491,3561,3,1,4,No,North
320,179660,3271,4,1,4,Yes,North
321,108891,4715,4,3,2,No,North
322,174846,3628,1,4,5,Yes,South
323,343916,4913,5,3,5,No,South
324,390689,781,3,2,1,Yes,South
325,79768,3479,5,2,5,No,East
326,305506,766,5,3,5,Yes,South
327,428450,1816,3,2,5,Yes,South
328,497777,2022,1,3,2,Yes,West
329,381129,3067,5,4,1,No,West
330,233627,3616,5,4,1,Yes,West
331,277595,4033,2,1,4,No,West
332,409966,2403,3,1,0,No,West
333,404223,2244,3,3,5,Yes,North
334,334710,1488,4,1,0,No,East
335,377343,4180,4,4,4,Yes,West
336,296856,4509,4,2,4,No,North
337,409389,625,3,3,1,Yes,North
338,157822,4725,1,4,0,Yes,North
339,146929,4050,4,2,0,No,West
340,154541,1853,5,1,2,Yes,North
341,109905,1532,1,1,2,Yes,East
342,185000,3029,4,4,5,Yes,North
343,404439,1575,2,4,1,Yes,South
344,270745,4647,3,1,2,Yes,West
345,173313,4481,4,3,2,No,East
346,213582,2879,5,1,0,Yes,East
347,343371,2100,3,1,1,Yes,North
348,289154,3765,1,1,4,No,South
349,403535,945,5,2,1,Yes,East
350,185334,1357,5,2,3,No,North
351,104284,997,1,1,0,Yes,East
352,235026,4426,4,1,1,Yes,North
353,85562,1203,4,4,3,Yes,South
354,470967,3851,5,2,0,Yes,South
355,206047,4447,2,2,4,No,West
356,475723,2283,4,2,0,Yes,West
357,354247,4717,3,3,3,No,West
358,462204,2501,3,3,3,Yes,North
359,373127,566,2,4,2,Yes,South
360,223446,1855,1,2,2,Yes,North
361,277915,3596,3,1,0,Yes,East
362,478732,4455,5,1,1,Yes,South
363,257862,1572,5,3,1,Yes,South
364,273202,1253,2,3,5,No,West
365,308154,4027,4,4,2,Yes,West
366,127260,4086,2,2,2,Yes,West
367,409257,2468,5,3,1,Yes,North
368,472164,3297,1,4,5,No,North
369,256981,4954,1,2,1,Yes,South
370,431499,3534,4,3,2,Yes,North
371,340619,1272,4,4,5,Yes,West
372,457931,1883,1,3,0,No,North
373,120338,2160,5,4,3,No,East
374,125551,2363,1,4,5,Yes,South
375,317232,3909,5,1,4,Yes,West
376,491983,937,2,4,1,Yes,South
377,82777,4252,1,4,4,Yes,South
378,126430,1772,4,2,4,No,South
379,351313,2985,1,1,1,Yes,West
380,396769,3359,1,2,3,No,South
381,356014,2348,4,3,3,Yes,West
382,110175,557,5,4,0,No,South
383,173517,4890,2,4,4,No,South
384,458120,3218,1,1,2,No,West
385,52095,3913,5,1,2,Yes,South
386,494270,4886,2,1,0,No,West
387,360600,3670,4,2,0,No,North
388,414281,3047,1,2,0,Yes,West
389,407017,1759,2,3,0,Yes,West
390,411727,4272,3,3,1,No,East
391,321523,3119,4,3,0,No,West
392,161353,711,2,4,1,Yes,South
393,84237,3965,3,1,4,Yes,South
394,438840,1810,4,1,2,No,South
395,242160,1897,1,4,3,Yes,West
396,498462,2502,2,2,3,Yes,South
397,50295,4899,5,2,3,Yes,South
398,191147,4002,5,3,4,No,East
399,357608,3783,3,4,1,Yes,East
400,362011,2788,5,2,4,Yes,West
401,115694,2655,4,3,1,Yes,West
402,207852,4131,4,3,0,No,West
403,146802,2178,1,4,1,Yes,South
404,82556,3199,4,3,4,Yes,East
405,247502,1784,1,2,1,No,South
406,216646,653,5,4,3,Yes,West
407,195116,3487,3,4,0,Yes,West
408,331844,764,4,4,0,Yes,West
409,128107,4650,2,2,2,No,East
410,355397,4571,3,1,1,Yes,West
411,483289,4415,4,1,5,Yes,East
412,323239,3839,5,1,4,Yes,West
413,251131,1827,3,2,4,No,North
414,273242,1349,2,2,2,No,West
415,409894,2404,3,1,0,No,South
416,497619,3195,4,4,1,No,West
417,289478,2665,3,2,1,No,West
418,178526,2495,3,4,5,Yes,East
419,276948,589,2,3,5,No,South
420,455912,729,5,3,4,Yes,North
421,324504,3098,2,3,5,Yes,North
422,362938,2231,2,3,1,No,East
423,157558,2297,1,4,2,No,South
424,330744,1956,4,2,0,Yes,East
425,352494,3964,4,1,0,No,East
426,321804,3441,4,3,1,No,South
427,131101,3418,2,2,4,No,East
428,387394,4548,4,3,3,Yes,East
429,363635,739,4,3,1,Yes,North
430,203353,2658,5,1,0,Yes,West
431,166807,3758,4,2,1,Yes,East
432,136824,847,3,3,0,No,East
433,241519,4356,2,4,2,No,East
434,293904,4274,1,1,4,No,North
435,482393,2953,5,4,1,No,North
436,454325,1713,5,3,3,No,North
437,254627,3732,4,1,4,Yes,East
438,327259,4657,3,3,3,No,East
439,152554,882,5,4,4,No,West
440,182613,4188,3,1,1,No,North
441,256321,1461,3,2,3,No,East
442,240257,2949,4,2,4,Yes,South
443,415434,4149,2,2,3,Yes,East
444,429800,2174,4,1,5,Yes,West
445,123946,1962,4,4,4,No,East
446,218037,2308,2,4,5,Yes,West
447,312803,1492,3,3,4,No,East
448,246501,1571,4,3,4,Yes,East
449,286333,2236,5,1,1,No,North
450,274544,4001,3,4,3,No,South
451,367262,4666,1,3,5,No,North
452,63627,2075,2,3,0,Yes,East
453,351369,4612,5,4,5,Yes,East
454,66171,1311,1,3,2,No,West
455,403200,3217,1,3,0,No,East
456,174551,1318,3,4,5,No,West
457,197308,2693,1,3,5,No,East
458,70209,4178,5,4,4,Yes,North
459,366527,4601,5,2,4,No,South
460,431776,3065,3,3,0,Yes,West
461,180949,4656,1,3,2,No,East
462,422722,3829,4,4,3,No,East
463,148792,4449,1,3,0,No,North
464,129646,4614,2,4,4,Yes,North
465,283443,871,4,1,5,Yes,East
466,402909,789,2,3,5,No,South
467,69585,4197,2,3,0,No,North
468,123030,2404,1,3,5,No,South
469,240990,4670,4,3,3,No,West
470,473334,776,3,4,1,Yes,North
471,379760,4309,1,1,2,Yes,North
472,129158,1125,4,3,2,Yes,East
473,367026,3024,3,2,5,No,East
474,311453,2549,3,1,5,No,West
475,380034,2017,1,3,0,No,South
476,185339,774,3,1,2,Yes,West
477,386550,2281,4,2,3,Yes,South
478,197057,4854,1,3,5,No,East
479,499045,2429,1,1,3,No,North
480,234293,1666,4,2,0,No,North
481,421728,4845,2,3,5,Yes,South
482,368820,4680,1,4,2,Yes,West
483,431426,1410,2,4,2,No,North
484,122742,3170,2,3,1,Yes,South
485,397708,1771,2,1,3,No,South
486,134270,2388,2,3,5,No,West
487,405988,3435,3,1,4,No,West
488,397365,3188,1,1,4,Yes,East
489,415233,1801,4,2,1,Yes,North
490,357135,4441,3,1,0,No,North
491,361182,3631,3,4,4,No,North
492,225819,1474,2,3,1,Yes,South
493,246640,1107,2,4,5,No,North
494,432366,2581,5,2,1,No,East
495,103423,4896,1,1,1,Yes,South
496,213971,2145,1,3,1,Yes,North
497,368826,4943,5,1,2,Yes,North
498,291779,2042,4,1,2,Yes,North
499,326007,2725,5,4,3,Yes,West
500,104057,1047,4,3,2,Yes,West
501,378786,2086,1,1,4,Yes,West
502,396790,2868,1,1,5,Yes,North
503,492703,569,3,4,1,Yes,South
504,480842,1565,5,4,1,No,North
505,361723,4060,3,4,0,No,North
506,135560,3921,4,1,2,Yes,South
507,362848,4587,4,3,1,No,East
508,381445,4957,2,1,3,Yes,North
509,481507,790,3,2,4,No,East
510,156244,4765,4,2,5,No,West
511,467150,1380,4,3,0,No,South
512,222157,2363,3,4,4,Yes,South
513,236942,2366,1,2,4,No,North
514,386753,1065,4,3,3,Yes,East
515,245302,4502,3,2,5,No,East
516,279180,1771,4,1,4,Yes,East
517,220016,1224,3,1,5,Yes,East
518,366058,1730,1,2,5,No,South
519,218814,2932,1,1,2,Yes,East
520,293298,3592,5,2,1,Yes,East
521,144398,3779,1,3,3,Yes,South
522,245757,1069,3,1,5,Yes,South
523,92900,4741,1,1,4,Yes,South
524,284866,4935,4,4,2,Yes,South
525,77924,648,2,1,3,Yes,East
526,89008,3202,2,1,5,Yes,North
527,259693,3350,5,4,1,No,East
528,447696,3694,5,1,5,No,West
529,148831,4377,3,4,2,No,East
530,495720,3931,1,4,0,Yes,North
531,436179,4906,3,4,1,Yes,North
532,203320,4904,4,3,1,No,East
533,184681,3390,5,4,1,Yes,West
534,134666,860,4,3,0,No,West
535,73756,2236,1,1,5,Yes,South
536,292329,817,1,1,4,Yes,South
537,472006,2771,5,1,3,No,North
538,362675,4793,5,1,5,Yes,East
539,410736,1822,1,3,4,Yes,West
540,213336,2251,5,3,4,Yes,North
541,491779,2281,4,3,4,Yes,East
542,314103,928,1,4,0,Yes,West
543,233486,4936,4,3,4,Yes,North
544,491570,4095,5,1,1,No,West
545,237932,899,3,1,3,No,West
546,53184,2013,5,2,4,No,North
547,219019,2739,2,3,2,Yes,South
548,292735,4320,1,4,2,Yes,West
549,54366,3080,3,3,5,No,East
550,74226,522,3,4,1,Yes,North
551,167436,1232,3,4,2,Yes,East
552,188503,2339,2,4,0,Yes,North
553,312066,756,4,4,3,No,East
554,449764,3951,1,1,4,No,South
555,140944,2755,2,4,4,Yes,East
556,461968,3776,5,1,5,Yes,West
557,458921,4627,2,1,2,No,South
558,447323,3110,5,2,1,No,West
559,412746,2586,1,1,5,Yes,West
560,430246,4337,1,3,0,No,East
561,231275,3662,2,3,2,No,East
562,124185,4180,1,4,4,Yes,East
563,227151,1354,5,4,2,No,North
564,64916,2321,4,2,5,No,North
565,414002,4177,2,4,4,No,North
566,202243,2913,3,2,2,No,South
567,134115,4199,5,2,3,No,West
568,175542,755,5,2,0,No,West
569,436960,3446,4,1,0,Yes,East
570,104527,4330,3,3,5,No,East
571,302459,2550,5,1,4,Yes,East
572,356766,2886,2,3,5,No,North
573,270629,3709,4,1,3,No,South
574,169858,674,4,4,0,Yes,West
575,425004,3116,1,4,5,Yes,South
576,145483,1719,4,3,0,No,North
577,318320,3939,5,3,0,Yes,East
578,292747,1435,4,3,4,No,West
579,228902,912,3,2,0,No,North
580,283959,3187,4,3,1,No,East
581,153775,3477,3,4,2,Yes,South
582,99863,552,4,3,1,Yes,West
583,264955,898,1,3,1,No,East
584,429706,4166,3,1,5,No,West
585,452049,1013,4,1,3,Yes,East
586,220102,3801,1,1,5,Yes,West
587,280541,3562,4,1,5,Yes,East
588,303878,1793,4,4,4,No,West
589,417456,3232,2,2,3,Yes,South
590,376422,4115,4,2,0,No,East
591,377013,4929,5,2,0,No,East
592,248692,803,1,2,0,Yes,North
593,428295,721,5,3,1,No,East
594,345082,1677,5,2,0,Yes,West
595,496160,1028,3,2,1,Yes,South
596,392601,4175,3,4,5,No,East
597,191801,1716,5,3,5,Yes,East
598,278218,2448,4,4,2,No,North
599,263236,1548,3,1,2,Yes,North
600,281891,2008,4,3,0,No,East
601,463660,2843,1,1,2,Yes,South
602,355997,4545,3,4,4,Yes,East
603,413113,3801,2,1,1,No,West
604,412889,852,1,2,0,Yes,West
605,444630,3993,5,1,1,Yes,East
606,489635,4948,4,1,2,Yes,South
607,324539,2625,4,1,4,Yes,North
608,210341,807,4,3,2,No,South
609,153675,1165,4,1,5,Yes,East
610,450270,4626,1,3,2,No,West
611,101393,3586,5,4,0,No,North
612,304210,1880,3,1,5,Yes,East
613,51705,2403,3,4,5,Yes,East
614,471072,2700,5,1,2,No,West
615,383843,2194,1,1,1,Yes,South
616,108436,3300,1,1,2,No,West
617,401737,620,1,3,5,Yes,North
618,73288,629,5,2,0,Yes,North
619,360527,923,5,1,3,No,West
620,82777,1976,4,1,0,No,South
621,235610,3182,4,2,5,Yes,West
622,86678,1967,2,3,5,No,South
623,283743,1830,5,3,0,Yes,West
624,481199,1479,5,3,5,Yes,South
625,271195,821,5,3,0,Yes,North
626,71649,4267,1,2,2,No,East
627,226303,2143,4,4,0,No,North
628,485442,2646,2,3,3,No,East
629,294592,3499,3,1,2,Yes,South
630,491864,4850,2,3,0,No,West
631,101016,2820,2,3,0,Yes,East
632,229116,3378,2,2,3,No,North
633,412883,3546,1,2,5,No,North
634,156649,1091,1,4,4,No,West
635,182434,1378,5,1,5,Yes,West
636,345311,1247,4,4,3,No,South
637,328719,574,5,4,2,Yes,South
638,87236,3442,1,3,5,No,South
639,249450,3286,4,2,4,Yes,West
640,197973,3753,1,4,5,Yes,South
641,127313,4696,2,3,2,Yes,North
642,278040,3744,3,4,3,Yes,East
643,421441,1771,4,1,1,Yes,West
644,439155,2705,4,1,4,No,West
645,232899,3328,4,3,5,Yes,North
646,329958,3652,2,2,2,No,East
647,438420,3369,5,3,5,No,South
648,385724,1970,3,3,2,No,South
649,445469,4206,4,4,5,No,East
650,78529,2033,5,2,4,No,South
651,191499,1795,5,4,0,No,West
652,208147,3895,5,1,2,Yes,North
653,154352,3170,5,3,4,No,South
654,243859,798,4,2,3,No,North
655,111503,2861,3,2,1,Yes,North
656,163622,1644,5,3,0,No,North
657,157945,899,5,2,3,No,North
658,157788,702,4,2,1,Yes,North
659,99289,3141,5,1,4,No,North
660,306780,4557,4,4,2,No,South
661,109663,4547,3,1,4,Yes,South
662,235035,3383,2,3,4,No,East
663,132601,826,1,3,5,No,South
664,121170,958,1,1,1,Yes,East
665,480813,3779,5,3,3,No,South
666,470066,1053,4,1,4,Yes,West
667,192571,4823,1,4,4,Yes,East
668,395466,4299,2,4,2,Yes,North
669,255552,1642,2,2,1,Yes,North
670,198476,3586,5,3,2,Yes,South
671,493269,2210,1,4,1,Yes,West
672,50902,1528,1,1,5,No,West
673,161365,2923,1,3,3,No,North
674,149580,1554,5,1,2,No,West
675,238032,2326,4,1,2,No,South
676,462653,1004,4,2,5,No,South
677,342530,3011,3,4,5,No,North
678,477323,3002,2,1,0,Yes,North
679,211677,2931,5,4,2,No,South
680,439002,652,2,3,1,No,North
681,131204,3118,3,1,0,No,West
682,445306,1248,4,1,0,No,West
683,365661,4343,2,4,5,No,West
684,260567,896,3,3,4,No,North
685,199382,4327,4,3,4,No,East
686,337758,755,3,1,1,No,West
687,366060,2802,2,3,4,No,South
688,351186,3061,2,3,4,No,East
689,277182,2956,3,3,4,Yes,East
690,165188,2889,3,4,0,No,East
691,268883,4413,1,4,5,No,West
692,71386,3326,4,3,0,No,South
693,111374,2382,3,3,1,No,North
694,286001,4535,3,2,0,Yes,South
695,464811,3431,5,4,0,Yes,South
696,216648,4111,5,1,5,No,East
697,128316,1915,3,2,4,Yes,South
698,380608,895,3,1,2,Yes,South
699,484499,1794,5,3,0,No,South
700,367170,4611,5,2,1,Yes,North
701,73193,715,3,4,2,No,West
702,416691,525,3,3,0,No,East
703,370537,1030,5,4,3,Yes,East
704,231796,2309,1,1,2,Yes,East
705,369166,4967,3,1,5,Yes,North
706,240305,676,4,3,4,Yes,North
707,410465,1588,1,1,2,No,South
708,73579,719,3,2,4,Yes,South
709,87995,3406,2,1,1,No,South
710,198540,3090,4,2,4,No,North
711,303193,2443,1,4,3,Yes,West
712,406867,1379,1,1,1,Yes,East
713,474198,3163,4,1,2,No,South
714,460672,1837,4,4,2,No,South
715,360007,4344,5,4,2,No,West
716,240050,1778,4,2,0,No,West
717,160947,1418,5,2,2,No,West
718,414119,1281,4,3,1,Yes,East
719,294602,794,2,2,3,Yes,West
720,292502,4062,1,3,4,Yes,South
721,372734,2521,3,3,2,Yes,South
722,467799,545,3,4,2,No,North
723,402462,1073,4,4,0,Yes,South
724,176561,3966,4,2,0,No,North
725,123873,1703,1,3,4,No,West
726,276977,3370,1,4,4,Yes,North
727,366662,3644,1,4,1,No,South
728,308480,3518,1,3,5,No,North
729,394265,4034,2,3,2,Yes,East
730,350661,4463,4,4,4,Yes,West
731,103363,4545,5,2,5,No,West
732,267884,3683,5,2,0,No,West
733,70986,3680,2,2,3,No,South
734,88143,3557,2,2,5,No,West
735,51131,4593,2,3,4,Yes,North
736,306775,3148,4,3,5,Yes,North
737,248707,1305,3,3,5,No,North
738,415131,3938,2,4,1,Yes,East
739,201961,3238,4,2,4,No,East
740,304476,3093,5,3,0,No,East
741,311463,1648,4,2,2,No,East
742,308984,759,4,3,4,Yes,North
743,475699,1355,3,3,5,Yes,West
744,275009,1476,4,3,2,Yes,South
745,388494,4650,3,1,4,Yes,East
746,118681,3665,2,4,5,No,West
747,224598,1187,2,2,2,No,East
748,355610,4477,5,2,3,No,South
749,349512,4910,1,4,4,No,South
750,97759,1718,3,1,2,No,West
751,384806,2839,4,3,4,Yes,East
752,123732,4085,1,4,4,No,South
753,396481,3303,2,3,1,Yes,East
754,484498,4512,3,1,0,No,North
755,341763,951,4,2,2,Yes,South
756,286092,1528,4,2,2,Yes,West
757,177936,1325,3,1,4,Yes,North
758,220345,2549,1,3,1,No,North
759,193400,1804,1,3,0,No,East
760,132499,1280,1,4,3,No,East
761,291219,3364,2,4,1,No,South
762,227691,1818,5,1,5,Yes,West
763,63783,2022,3,4,0,No,East
764,499682,3585,1,1,1,No,West
765,347733,700,5,1,3,Yes,West
766,173979,4088,1,3,3,No,East
767,442203,3946,4,1,2,No,North
768,190243,3082,2,1,1,Yes,North
769,376440,2530,3,1,0,Yes,East
770,335098,1973,1,2,0,No,West
771,393392,786,3,4,0,Yes,North
772,126259,3914,4,1,0,Yes,South
773,379824,1171,1,3,3,Yes,West
774,99064,1111,3,1,3,Yes,West
775,51814,3604,2,4,0,No,East
776,313728,1863,4,4,4,Yes,East
777,55278,3517,1,3,5,Yes,North
778,109820,1511,2,1,3,No,North
779,129415,1558,3,1,5,No,North
780,336510,1957,1,3,3,No,South
781,463111,597,3,2,3,Yes,West
782,330219,3144,2,2,2,Yes,West
783,187168,2461,2,2,2,Yes,South
784,73561,1178,1,1,3,No,West
785,312201,3679,3,3,0,No,East
786,207550,1073,2,2,0,No,South
787,463502,1455,5,4,1,No,West
788,60097,3518,4,3,5,Yes,North
789,162832,2661,4,1,4,No,West
790,331937,593,1,1,5,No,South
791,101622,3153,1,1,4,Yes,North
792,333445,1054,2,2,0,No,West
793,427483,3231,3,2,0,No,North
794,259857,2477,4,4,4,No,South
795,440198,1491,1,3,2,Yes,North
796,71444,614,5,4,3,Yes,West
797,399263,684,1,1,4,Yes,South
798,151925,1168,2,4,0,No,South
799,352415,594,2,3,2,Yes,East
800,164599,3328,4,2,2,Yes,West
801,111739,1822,5,2,5,Yes,East
802,145877,693,3,1,3,Yes,South
803,134377,3145,1,4,4,Yes,South
804,123384,4689,2,1,3,Yes,South
805,217139,2973,5,4,0,No,West
806,260288,4276,5,1,0,Yes,South
807,381646,1633,5,3,0,No,East
808,322240,1483,1,2,2,Yes,North
809,357563,3509,2,2,1,No,North
810,176630,2586,4,2,5,Yes,North
811,410706,3700,4,3,2,No,East
812,438929,2615,5,4,1,No,West
813,202090,4412,1,4,2,Yes,East
814,271175,3091,2,2,1,Yes,North
815,479892,4602,3,4,1,Yes,East
816,395862,1104,4,2,2,Yes,East
817,299966,3106,1,1,0,Yes,East
818,417715,4992,4,2,3,No,West
819,410567,1468,3,4,5,No,West
820,280066,4954,5,1,0,Yes,North
821,454583,3835,5,3,2,No,South
822,331355,4199,5,1,2,No,West
823,123028,2455,5,3,3,No,West
824,325404,2524,3,3,2,Yes,East
825,375541,928,2,2,2,Yes,South
826,249853,3173,4,3,5,Yes,West
827,220388,4389,5,2,5,Yes,East
828,464301,3993,5,4,0,No,West
829,111237,566,5,2,1,Yes,North
830,222511,760,2,2,2,Yes,East
831,100693,4809,4,1,3,No,South
832,80631,3649,3,3,2,No,East
833,376541,4240,5,1,4,Yes,West
834,307392,896,2,3,0,Yes,West
835,376677,3045,3,4,4,No,West
836,307485,778,2,3,3,No,East
837,69556,2263,4,2,5,Yes,East
838,54528,3199,3,4,1,No,North
839,489418,4800,5,2,1,Yes,South
840,386795,2772,5,1,0,Yes,South
841,95335,3761,1,2,0,Yes,West
842,496901,684,5,4,5,Yes,South
843,315608,2239,1,1,4,No,North
844,395104,4648,5,2,2,Yes,South
845,371760,3381,5,2,4,No,West
846,295734,4346,2,1,5,Yes,North
847,448042,3635,2,1,2,Yes,North
848,470392,2592,4,1,2,No,South
849,58631,1073,1,4,0,Yes,West
850,172618,3545,3,1,1,No,East
851,382093,2695,2,1,5,Yes,West
852,406852,904,4,1,4,Yes,East
853,51558,1786,3,2,0,No,North
854,336048,840,2,3,4,Yes,East
855,293108,2979,3,3,2,Yes,East
856,152009,3851,3,4,0,Yes,East
857,109104,2601,5,2,1,No,East
858,376020,2712,5,4,3,Yes,West
859,371110,2940,1,3,2,No,South
860,444535,4715,3,3,2,Yes,West
861,459151,2353,4,2,0,Yes,East
862,103012,3653,2,1,3,No,South
863,458715,1412,4,1,1,No,West
864,242651,2254,3,3,2,Yes,East
865,466918,760,4,4,5,Yes,West
866,437570,3484,4,3,2,Yes,North
867,198964,4484,5,4,4,No,East
868,317031,4897,2,2,2,No,West
869,284011,1055,2,3,2,No,South
870,146746,1690,4,3,2,No,East
871,455152,3064,3,1,5,Yes,West
872,410032,4951,5,2,5,No,North
873,168878,2498,1,2,0,Yes,South
874,365271,3979,4,3,1,No,North
875,90163,969,1,2,3,No,East
876,274513,1905,4,4,1,No,South
877,420495,1482,2,2,3,Yes,West
878,286972,3658,1,3,0,Yes,North
879,153866,1046,5,3,3,Yes,South
880,310150,3783,5,2,0,No,East
881,81271,3564,5,4,1,No,South
882,416477,2384,2,2,5,No,East
883,403065,1653,5,1,3,No,South
884,493203,4647,3,2,0,Yes,North
885,52969,772,5,4,1,No,North
886,272072,4691,1,1,3,No,South
887,204771,1778,3,3,2,No,North
888,82489,3939,3,4,0,Yes,East
889,201341,3060,2,3,2,Yes,North
890,409272,3779,3,2,0,No,South
891,222371,2107,4,2,2,No,East
892,213915,910,3,4,5,Yes,East
893,248259,991,4,3,0,Yes,South
894,317899,4240,4,4,2,Yes,South
895,389271,2874,1,4,2,No,South
896,391520,1758,3,1,5,No,East
897,69477,4336,2,2,3,Yes,North
898,115913,1137,5,2,2,No,West
899,403607,1224,5,2,1,Yes,West
900,486701,4782,1,1,5,Yes,South
901,328599,1580,1,2,3,No,South
902,390331,1513,4,3,5,No,North
903,314955,1103,1,3,4,No,East
904,107307,592,2,3,4,No,East
905,304974,4164,4,3,3,No,South
906,365255,4993,5,2,0,No,South
907,473556,872,4,2,2,No,East
908,153144,2535,4,3,2,Yes,South
909,189263,3617,2,2,5,No,North
910,304628,1269,5,2,2,Yes,South
911,360245,4186,5,1,3,Yes,West
912,222405,3691,3,1,5,No,South
913,441256,4482,1,1,5,No,East
914,358726,2434,3,4,5,No,West
915,309758,4384,1,2,3,Yes,West
916,222675,1236,3,1,0,Yes,South
917,99960,1332,2,2,5,No,East
918,323563,1784,3,2,2,Yes,East
919,213686,1037,3,2,5,Yes,East
920,452053,4337,3,3,3,No,North
921,161080,4240,1,2,2,Yes,North
922,462643,3191,5,2,2,Yes,South
923,185115,3113,4,4,4,Yes,West
924,492169,2385,3,2,5,No,West
925,226319,4519,3,2,5,Yes,East
926,381745,3347,2,1,4,No,East
927,290656,2773,2,3,3,No,North
928,62054,961,5,1,0,Yes,North
929,449325,3836,5,1,5,Yes,East
930,184913,4271,2,4,4,Yes,North
931,189069,1930,2,4,1,Yes,South
932,392850,2675,4,3,4,Yes,West
933,129822,3840,1,2,0,Yes,West
934,351808,3026,4,4,0,Yes,West
935,182601,3386,3,3,1,No,West
936,238874,3057,3,2,5,Yes,East
937,415842,677,2,4,4,Yes,North
938,392147,1117,5,3,2,Yes,South
939,297759,1578,5,2,4,No,West
940,329389,1258,5,3,1,Yes,North
941,465619,1391,1,2,4,No,West
942,399401,3017,4,2,1,No,East
943,231458,1714,2,4,0,Yes,North
944,296825,2587,1,1,4,No,East
945,132658,712,3,2,5,No,West
946,456100,4017,2,2,5,Yes,East
947,266745,1434,1,1,4,Yes,West
948,329129,2851,3,2,0,No,West
949,337505,3174,5,1,4,No,West
950,78413,1598,4,4,4,Yes,West
951,363063,3100,1,2,2,Yes,West
952,50934,3934,3,3,0,No,West
953,185260,3441,4,1,0,No,South
954,183253,4051,1,3,1,No,East
955,394775,4388,1,1,2,Yes,East
956,226327,2053,3,3,2,No,North
957,457536,2679,1,4,5,Yes,North
958,301377,4575,4,3,3,Yes,North
959,273069,3363,1,4,2,Yes,East
960,415596,3637,3,4,2,Yes,East
961,105079,4512,2,2,2,No,South
962,433090,3789,4,4,5,No,South
963,132778,1103,3,2,3,Yes,South
964,446220,3724,4,1,0,Yes,North
965,337264,4841,3,3,5,No,East
966,409001,1383,4,2,0,No,West
967,385461,2667,4,3,0,No,South
968,350643,2679,4,1,2,Yes,North
969,417267,3794,2,4,0,Yes,East
970,107852,4600,1,3,4,No,North
971,329590,1164,3,2,2,Yes,South
972,73303,4573,2,4,3,No,West
973,429456,986,2,4,1,No,East
974,389109,957,5,4,3,Yes,East
975,182430,1207,1,3,5,No,North
976,489246,2981,2,4,3,No,South
977,454438,2949,4,1,1,Yes,West
978,68446,2853,3,4,1,No,North
979,313578,1107,4,2,5,No,South
980,218585,2214,5,4,1,Yes,West
981,167816,4330,4,4,2,Yes,East
982,279204,3253,4,1,5,Yes,West
983,96282,3966,5,3,0,Yes,East
984,409314,4444,2,1,2,No,North
985,270137,1811,2,3,2,Yes,East
986,390600,1774,4,2,1,Yes,West
987,322222,4155,3,1,3,No,South
988,467935,3186,4,3,5,No,North
989,475970,1103,5,4,0,Yes,West
990,388987,2967,2,1,3,No,West
991,127986,2479,2,4,4,Yes,South
992,282695,1374,5,2,0,Yes,West
993,268473,922,4,3,4,Yes,South
994,73219,531,5,2,5,No,South
995,434850,1143,4,3,2,Yes,North
996,138543,762,4,1,4,No,West
997,81320,1206,3,1,1,Yes,South
998,418984,2222,5,2,3,No,North
999,101252,1368,1,2,1,Yes,South
1000,414943,522,3,1,0,No,North
1001,157411,1384,3,2,3,Yes,North
1002,239779,2405,4,4,1,Yes,South
1003,217655,3691,1,4,0,No,South
1004,361542,4228,3,4,3,Yes,East
1005,408441,653,2,2,1,No,South
1006,124290,1759,5,3,4,Yes,North
1007,482680,1702,2,4,3,No,West
1008,80724,3351,5,3,2,No,East
1009,440086,2474,3,1,2,Yes,East
1010,224685,4812,1,4,2,Yes,East
1011,124589,3243,2,4,2,Yes,South
1012,151180,1873,2,4,5,No,East
1013,301534,689,2,1,5,No,North
1014,183696,1254,3,1,4,No,East
1015,105262,4258,3,4,1,No,West
1016,442550,1363,1,4,0,No,West
1017,360838,2978,4,1,1,No,North
1018,236888,728,4,2,3,No,West
1019,205112,2626,1,3,0,No,East
1020,213697,2088,2,1,3,Yes,North
1021,178881,4697,4,4,2,Yes,East
1022,139727,1343,1,2,2,Yes,West
1023,152438,1856,4,3,5,Yes,South
1024,327080,2775,5,1,2,No,East
1025,99770,2355,2,1,5,Yes,West
1026,465098,3809,3,1,5,No,West
1027,60643,702,3,1,5,Yes,North
1028,117446,4518,4,4,1,No,East
1029,457075,4509,5,1,4,Yes,South
1030,426976,4272,2,1,4,No,West
1031,461347,2010,1,2,0,Yes,North
1032,279995,3165,1,1,5,Yes,West
1033,210253,2043,1,1,5,Yes,East
1034,345180,4532,3,3,1,Yes,North
1035,294027,4219,5,2,5,No,East
1036,117897,3187,1,3,3,Yes,East
1037,81520,3427,3,3,2,Yes,East
1038,228857,2168,3,1,4,Yes,North
1039,330359,2066,4,1,4,No,East
1040,418808,2372,3,3,4,Yes,South
1041,317204,4471,5,1,1,Yes,East
1042,106254,1710,5,2,0,No,East
1043,94714,2254,1,3,4,Yes,West
1044,93884,4528,3,2,1,Yes,South
1045,123313,2056,5,3,0,Yes,South
1046,489889,4597,2,3,0,No,South
1047,234627,4607,4,2,0,No,North
1048,54748,1430,5,4,5,Yes,South
1049,64728,4119,1,2,2,Yes,East
1050,290536,3188,1,3,3,No,East
1051,312720,1667,1,4,2,Yes,East
1052,100284,1359,2,4,1,Yes,South
1053,211741,4115,4,3,3,Yes,North
1054,303192,4543,5,1,1,Yes,South
1055,488161,3821,5,3,4,No,West
1056,421712,1562,3,4,5,No,East
1057,180982,2307,4,1,1,No,West
1058,427108,1437,4,4,2,Yes,North
1059,362142,4015,5,2,0,Yes,East
1060,342096,4590,2,1,0,No,West
1061,303800,1823,1,1,3,Yes,North
1062,463279,3355,1,3,0,Yes,South
1063,197844,4978,5,1,0,No,South
1064,375596,1995,3,3,4,Yes,East
1065,55603,3856,2,3,4,Yes,West
1066,380601,2952,4,2,5,Yes,West
1067,406517,2901,5,4,3,Yes,South
1068,100354,4010,2,3,5,Yes,East
1069,300106,511,1,3,2,Yes,South
1070,81467,4801,3,2,3,Yes,South
1071,396752,1163,1,4,3,No,West
1072,314226,2569,2,3,2,No,West
1073,447193,587,1,4,3,No,East
1074,227897,4810,2,3,4,Yes,South
1075,377729,4589,4,1,4,Yes,North
1076,309563,1147,3,3,5,No,East
1077,290430,1976,1,2,2,Yes,South
1078,475015,3766,2,2,3,No,North
1079,353349,3742,3,3,3,Yes,South
1080,495009,578,5,4,2,No,East
1081,140483,782,2,1,3,Yes,North
1082,115193,1227,5,2,4,Yes,North
1083,98944,3208,1,2,1,No,West
1084,493338,1759,2,3,4,No,West
1085,336809,3059,3,1,4,Yes,North
1086,419145,3134,2,3,1,Yes,North
1087,200087,1126,4,4,3,Yes,East
1088,138713,2560,4,1,5,Yes,East
1089,492511,4223,1,4,0,Yes,South
1090,77381,3366,4,3,1,No,East
1091,380210,4530,5,3,5,No,East
1092,270650,4004,2,4,5,Yes,North
1093,440731,4461,5,2,3,No,South
1094,112007,1488,5,4,4,Yes,North
1095,333915,564,2,2,0,No,West
1096,283636,4884,4,1,1,No,West
1097,330121,2442,2,1,3,No,West
1098,212826,3966,2,3,5,No,West
1099,236472,3582,1,3,3,No,North
1100,250739,728,1,1,3,Yes,North
1101,122958,2360,4,3,5,Yes,East
1102,320975,2474,1,1,5,Yes,North
1103,419206,3257,2,2,4,Yes,West
1104,475743,3026,3,2,5,Yes,East
1105,418005,1070,4,1,4,No,East
1106,498267,1207,3,1,5,Yes,West
1107,56437,4752,4,3,3,Yes,North
1108,284083,4812,4,1,2,No,West
1109,491087,2582,3,3,4,No,North
1110,426658,3540,2,3,5,Yes,North
1111,382111,558,1,1,1,Yes,West
1112,329992,756,3,3,2,Yes,South
1113,464551,4046,3,1,5,No,South
1114,116436,2754,1,2,3,Yes,West
1115,493397,3974,3,2,0,No,South
1116,107876,1872,2,2,5,Yes,North
1117,248408,2229,3,2,3,Yes,West
1118,197213,1954,4,3,2,No,West
1119,236398,4252,4,2,2,No,West
1120,93508,2904,5,4,4,No,East
1121,184543,2203,3,3,3,No,East
1122,422733,4140,1,3,5,No,North
1123,309035,4471,3,1,0,No,North
1124,471691,1427,4,3,0,No,South
1125,348013,1616,1,2,2,Yes,East
1126,269662,4769,5,4,2,No,West
1127,262416,1856,4,2,3,Yes,North
1128,376175,2389,2,2,3,Yes,South
1129,63806,4640,1,4,4,No,East
1130,326094,4063,3,3,4,Yes,East
1131,193995,4298,5,1,4,Yes,North
1132,454548,2286,1,1,5,Yes,South
1133,229940,3856,5,4,3,No,North
1134,481485,4741,3,3,3,Yes,South
1135,74311,1320,3,4,2,No,North
1136,177979,2875,4,4,1,No,South
1137,229323,2137,3,4,1,No,North
1138,74818,1766,3,4,4,Yes,East
1139,420739,3420,3,4,1,Yes,North
1140,269102,1925,2,1,2,Yes,South
1141,93266,3835,4,4,1,No,North
1142,230770,2408,3,2,2,Yes,North
1143,150573,519,3,1,3,Yes,East
1144,429226,558,3,4,2,Yes,South
1145,76092,3646,5,2,3,Yes,North
1146,140338,2772,3,4,4,No,North
1147,342983,2378,1,4,0,Yes,North
1148,61952,2731,4,4,0,Yes,South
1149,119281,4586,2,3,1,Yes,North
1150,306122,3371,5,4,2,No,West
1151,211125,4819,5,3,0,No,North
1152,474856,2168,1,4,1,Yes,South
1153,480957,3056,2,2,3,No,North
1154,143336,1149,4,2,2,No,West
1155,408754,4544,5,1,2,No,North
1156,143855,2376,1,2,0,No,West
1157,347657,2941,5,4,3,No,North
1158,237705,2122,2,4,3,Yes,West
1159,445748,3989,3,1,1,No,South
1160,209913,3744,2,2,2,No,South
1161,57485,2052,5,3,5,Yes,West
1162,89054,2804,5,3,3,Yes,East
1163,352935,3938,1,4,0,No,North
1164,279339,4387,3,4,4,No,East
1165,486442,3837,4,1,3,No,West
1166,455411,2456,1,3,1,Yes,West
1167,282739,1279,5,1,3,No,North
1168,415189,3806,3,3,4,No,North
1169,385443,512,3,1,0,Yes,West
1170,192748,1842,5,4,3,No,North
1171,322759,2393,5,3,2,Yes,North
1172,493446,3397,5,1,3,No,West
1173,244875,3477,3,3,3,Yes,East
1174,493551,1103,3,2,3,No,West
1175,117874,3554,4,2,0,No,East
1176,266602,2803,3,3,4,No,East
1177,442224,2125,3,1,0,Yes,South
1178,497300,2603,4,2,2,Yes,East
1179,169205,4748,2,4,4,No,North
1180,118168,2584,3,4,3,No,North
1181,240602,924,1,4,2,Yes,East
1182,181987,4596,5,1,5,Yes,East
1183,491213,2366,4,1,3,No,East
1184,127668,2586,3,2,3,Yes,East
1185,429072,1579,1,1,2,Yes,East
1186,169485,772,2,1,4,Yes,South
1187,129806,2501,5,2,2,No,North
1188,359415,4469,2,3,2,Yes,East
1189,133851,4029,2,4,1,No,North
1190,194182,2690,2,3,5,Yes,South
1191,453757,3446,5,4,5,No,South
1192,283786,538,4,1,2,No,South
1193,122192,4682,4,1,2,Yes,North
1194,166505,3660,1,3,3,No,East
1195,362314,1338,2,2,2,No,North
1196,491589,3970,2,2,3,No,North
1197,279718,3013,3,2,4,Yes,East
1198,460271,1108,1,2,1,Yes,West
1199,209669,4791,5,1,4,No,West
1200,344325,3218,5,3,0,No,South
1201,314972,2968,2,2,1,No,West
1202,228995,3322,3,1,4,Yes,North
1203,332108,4008,5,4,3,Yes,North
1204,299608,988,3,2,1,Yes,West
1205,311546,2392,3,3,5,Yes,North
1206,280367,1544,3,1,3,No,North
1207,221640,1690,2,2,2,No,East
1208,299659,4014,1,2,5,Yes,West
1209,295288,2539,3,1,1,Yes,South
1210,430630,1008,5,3,5,No,North
1211,238551,2101,5,1,3,Yes,East
1212,402131,4615,4,3,3,No,West
1213,263092,3211,3,3,3,No,East
1214,443862,3674,4,1,0,No,West
1215,455116,1910,4,4,1,No,East
1216,51447,2099,1,4,2,Yes,East
1217,102312,4451,3,1,4,Yes,North
1218,157328,2948,4,4,5,No,East
1219,459503,4610,3,4,0,Yes,East
1220,280735,1223,4,2,2,No,East
1221,463812,2589,2,3,5,No,West
1222,76043,3555,3,2,1,No,West
1223,402028,1168,3,3,1,Yes,South
1224,402292,994,4,4,1,No,West
1225,390263,901,5,4,4,Yes,South
1226,215293,870,3,1,5,No,South
1227,339657,3444,2,1,5,Yes,West
1228,343991,3426,3,4,4,Yes,West
1229,477854,2632,5,4,1,No,North
1230,132408,518,2,1,2,Yes,West
1231,301303,1627,5,3,5,Yes,East
1232,176738,3826,1,1,0,Yes,East
1233,491145,1522,5,1,5,No,West
1234,292663,2421,1,4,1,Yes,West
1235,272127,3332,4,2,1,Yes,West
1236,171366,3417,4,2,4,Yes,West
1237,375879,4318,3,2,0,Yes,West
1238,476327,4554,4,3,5,No,South
1239,243648,4937,4,4,5,No,West
1240,214029,4636,2,3,1,Yes,South
1241,386716,2861,1,1,1,No,West
1242,198666,1112,4,4,0,No,West
1243,416456,2253,2,4,5,Yes,East
1244,482239,3843,2,2,5,Yes,South
1245,319043,2005,2,4,1,Yes,East
1246,380700,3262,3,2,4,Yes,South
1247,168576,4679,5,1,4,Yes,South
1248,448593,3352,5,3,5,Yes,North
1249,102438,3388,2,3,5,Yes,South
1250,400601,1500,2,4,0,Yes,East
1251,83835,3818,2,4,1,Yes,South
1252,471407,3151,3,4,1,No,South
1253,255671,2555,3,3,3,Yes,West
1254,83123,3333,5,2,4,No,East
1255,455601,520,1,4,5,No,East
1256,161062,2401,1,4,0,Yes,East
1257,354109,2961,2,2,3,Yes,East
1258,458036,1707,3,3,2,No,North
1259,241556,1911,2,4,1,No,East
1260,450562,1712,1,1,5,No,South
1261,409777,4252,5,3,2,No,West
1262,115333,4509,4,2,4,Yes,South
1263,457020,3625,2,3,2,No,East
1264,326800,919,2,2,0,Yes,North
1265,100031,1089,1,3,3,No,South
1266,143235,1891,5,2,2,No,North
1267,154403,2444,5,2,3,No,North
1268,481851,3696,4,2,2,Yes,West
1269,124800,3701,5,3,3,Yes,South
1270,390120,2098,5,3,1,No,North
1271,225785,1389,4,3,0,Yes,South
1272,376318,2834,4,1,1,No,North
1273,333370,4159,2,3,3,No,West
1274,139493,1506,1,3,5,No,North
1275,454423,4896,1,2,3,No,South
1276,267828,2250,2,3,5,Yes,East
1277,192127,2226,5,1,1,No,North
1278,244337,2679,1,2,0,No,North
1279,196046,1387,4,3,2,Yes,East
1280,485723,3773,2,4,3,No,North
1281,202082,3236,2,1,3,Yes,West
1282,251162,1511,4,1,4,No,North
1283,303080,3486,5,2,4,Yes,South
1284,366764,1886,2,3,2,No,West
1285,213637,1616,1,1,2,Yes,West
1286,415403,2794,4,4,5,Yes,West
1287,323503,707,3,4,2,No,East
1288,346300,4092,2,1,5,Yes,East
1289,219554,1056,3,3,4,No,North
1290,487778,1926,4,3,5,No,East
1291,55403,2267,4,1,2,Yes,North
1292,159356,1078,4,1,5,No,East
1293,148000,3628,4,2,2,Yes,East
1294,78005,4116,3,1,2,No,East
1295,417709,1916,4,1,0,Yes,East
1296,401869,2785,1,4,0,No,West
1297,466826,3115,1,3,1,Yes,North
1298,102976,1744,5,4,1,Yes,East
1299,400620,3520,5,3,1,Yes,West
1300,369792,2306,2,4,2,Yes,South
1301,334726,501,5,1,0,Yes,East
1302,460455,1915,5,3,3,No,West
1303,100292,1571,3,3,2,No,North
1304,457199,4183,5,4,0,No,West
1305,427195,4863,5,1,4,Yes,West
1306,495069,2330,1,3,4,No,West
1307,497313,1121,1,2,3,Yes,West
1308,161668,4814,3,2,1,Yes,East
1309,432372,3194,1,2,1,Yes,East
1310,100940,2514,1,4,4,No,East
1311,377238,1838,2,3,3,Yes,North
1312,329799,1352,5,4,3,Yes,South
1313,389095,1283,2,3,5,Yes,South
1314,346850,4294,3,2,3,No,West
1315,170999,4977,4,3,4,No,East
1316,442091,4546,2,1,1,Yes,West
1317,65590,2784,5,2,2,No,North
1318,294512,2611,1,1,3,No,West
1319,353824,545,4,4,5,No,South
1320,454230,1300,4,4,1,Yes,East
1321,136482,3554,3,4,4,Yes,West
1322,449328,827,1,3,1,No,South
1323,138557,3587,3,2,4,No,South
1324,198299,676,5,1,4,No,West
1325,248095,1636,4,4,3,Yes,West
1326,272778,1354,4,3,3,No,South
1327,310802,4865,1,2,0,Yes,North
1328,437122,978,5,3,1,Yes,North
1329,124500,4198,2,4,1,Yes,East
1330,304748,4003,3,4,4,Yes,North
1331,248272,4554,5,2,0,Yes,West
1332,72458,4490,4,3,3,Yes,South
1333,315421,1504,1,2,1,Yes,East
1334,71972,4645,5,1,5,Yes,North
1335,155650,3226,3,4,5,No,North
1336,478208,971,4,1,2,No,East
1337,288249,1105,2,1,4,Yes,South
1338,233622,951,2,3,4,Yes,East
1339,176694,3668,4,3,4,No,South
1340,248618,3654,4,3,0,No,West
1341,104010,791,4,4,0,No,East
1342,362954,2408,2,4,4,No,West
1343,339544,3677,1,1,2,No,West
1344,138178,1938,1,4,3,No,East
1345,308786,1921,3,2,4,No,East
1346,370853,4799,5,1,3,No,East
1347,466089,1089,4,2,2,Yes,East
1348,369321,2460,5,3,3,Yes,North
1349,234341,4206,3,4,3,Yes,East
1350,430112,1809,4,4,3,No,West
1351,406416,2243,2,4,3,Yes,West
1352,298831,596,4,1,4,Yes,North
1353,285476,4065,2,4,0,No,North
1354,364809,4865,5,1,2,Yes,South
1355,135682,4127,1,3,2,Yes,North
1356,387343,2312,4,3,4,No,West
1357,246461,4611,5,1,5,Yes,North
1358,327854,2274,2,1,0,Yes,North
1359,188540,827,4,4,2,No,West
1360,146759,4056,1,4,4,Yes,East
1361,162579,1646,1,1,2,No,South
1362,74745,4012,5,4,2,Yes,South
1363,122089,2622,1,2,4,No,East
1364,451201,1464,3,4,0,No,South
1365,196557,4820,2,4,1,Yes,North
1366,92766,1503,2,1,1,No,North
1367,301877,855,2,1,5,Yes,West
1368,345214,1058,3,3,0,No,South
1369,119654,3200,4,2,3,Yes,North
1370,117381,1466,3,4,5,No,East
1371,432099,2543,4,3,0,Yes,East
1372,329334,2563,2,1,5,No,South
1373,134329,1322,4,1,3,Yes,East
1374,308386,2253,3,4,1,No,North
1375,370901,3882,1,4,0,No,West
1376,125651,3222,5,1,1,Yes,North
1377,165575,4760,5,1,5,No,West
1378,231925,3181,1,3,4,No,East
1379,272374,680,2,2,2,No,North
1380,346722,4133,5,3,1,No,North
1381,155643,683,2,1,2,Yes,West
1382,107570,4752,2,1,3,No,East
1383,247156,637,4,3,1,Yes,South
1384,196567,2979,4,1,0,Yes,East
1385,222760,4310,2,2,2,No,East
1386,225782,2815,3,2,4,Yes,East
1387,141458,4816,2,2,5,Yes,South
1388,125541,2636,4,1,5,No,South
1389,176830,2677,2,2,3,No,South
1390,431037,3654,4,3,2,Yes,West
1391,80661,827,2,1,4,No,South
1392,198591,4544,2,2,1,No,South
1393,384305,4972,5,2,2,Yes,North
1394,318211,4887,2,4,1,No,North
1395,435282,1053,1,1,4,Yes,East
1396,153096,1546,2,2,1,Yes,South
1397,414945,1525,1,2,0,No,South
1398,229659,2902,4,4,4,Yes,South
1399,302871,3609,3,1,5,No,North
1400,301849,4698,4,1,3,No,South
1401,433001,2757,5,2,4,Yes,East
1402,395844,3746,2,4,4,No,West
1403,178579,4967,1,4,1,Yes,East
1404,233527,2153,2,1,2,No,North
1405,251345,4928,4,1,3,No,North
1406,218308,4321,2,2,4,Yes,West
1407,431315,1500,3,4,1,Yes,East
1408,470809,3250,3,1,0,No,West
1409,407404,2238,1,2,0,Yes,North
1410,132898,2163,5,4,1,No,South
1411,345978,1535,1,3,2,No,South
1412,209602,3113,3,1,1,Yes,East
1413,288863,2694,1,4,5,No,West
1414,461311,2685,2,3,0,No,West
1415,457576,4160,2,4,1,Yes,East
1416,60038,2313,4,4,1,Yes,East
1417,432241,1364,4,3,1,No,East
1418,391490,3010,4,3,1,Yes,East
1419,169373,4142,3,2,4,Yes,East
1420,198185,3309,4,1,5,No,East
1421,186769,1104,3,3,1,Yes,East
1422,89235,1587,1,3,4,No,East
1423,229599,3568,2,3,0,Yes,North
1424,408822,2695,4,3,1,No,East
1425,130063,3847,3,3,1,No,South
1426,445332,3368,2,2,3,Yes,East
1427,451069,2526,5,4,5,No,North
1428,366372,1796,4,4,4,No,South
1429,241192,4712,1,3,1,Yes,South
1430,422854,2564,1,2,2,Yes,South
1431,100205,4713,5,1,5,No,West
1432,456344,4066,2,1,5,No,North
1433,123753,3309,1,4,4,No,North
1434,165084,3043,2,2,4,Yes,West
1435,351323,3186,2,4,0,No,South
1436,451623,3919,4,2,1,Yes,North
1437,57535,2815,3,4,2,No,East
1438,215983,4530,2,3,4,No,North
1439,470255,2451,5,3,1,Yes,East
1440,136794,2853,1,4,5,No,South
1441,138525,2402,5,1,0,No,South
1442,168079,4371,1,3,2,Yes,West
1443,321109,3559,5,3,1,Yes,West
1444,297768,3150,2,4,4,Yes,North
1445,180203,4284,1,1,4,No,South
1446,451788,667,5,1,0,Yes,South
1447,252214,1377,1,4,2,No,East
1448,458045,3618,3,4,5,Yes,North
1449,93429,4617,2,4,3,No,West
1450,233498,565,1,2,0,No,West
1451,197023,1827,5,2,5,No,East
1452,67017,1846,5,3,0,Yes,West
1453,168005,1470,3,4,1,No,West
1454,277076,4993,4,1,1,Yes,West
1455,97767,2568,1,2,2,Yes,West
1456,307378,2568,4,4,2,Yes,East
1457,308915,4173,1,3,3,No,North
1458,312107,958,1,1,1,No,West
1459,372590,4018,4,1,0,Yes,East
1460,221338,1051,3,2,5,No,East
1461,231405,2075,2,4,2,Yes,South
1462,457054,2996,2,1,0,Yes,North
1463,317169,2898,3,4,0,No,West
1464,284656,3178,1,3,0,No,East
1465,389069,2488,4,4,4,Yes,West
1466,225709,3907,5,1,2,Yes,East
1467,183054,1734,3,3,0,Yes,North
1468,76645,4830,5,4,3,No,South
1469,119554,4035,4,2,4,Yes,West
1470,246316,4589,5,1,4,Yes,East
1471,459914,698,5,1,1,Yes,West
1472,448913,923,4,4,5,No,West
1473,193067,1412,1,1,5,No,West
1474,466966,4544,5,1,3,No,North
1475,269745,4174,4,2,5,No,North
1476,50478,3153,5,3,0,No,North
1477,254344,4124,1,4,2,No,North
1478,79976,4288,2,1,5,No,West
1479,377093,2319,1,2,5,Yes,East
1480,155795,2432,3,3,5,Yes,West
1481,430997,4024,5,1,3,Yes,North
1482,405893,793,5,3,2,No,North
1483,159461,3971,1,1,2,No,East
1484,346747,885,1,2,4,Yes,West
1485,168896,4183,5,3,1,Yes,North
1486,443197,2415,1,1,3,Yes,North
1487,412012,2185,3,3,1,No,West
1488,473605,4441,2,1,4,No,South
1489,200418,4797,2,3,3,Yes,West
1490,455121,1098,1,1,3,Yes,East
1491,472596,4143,3,4,0,No,North
1492,301158,2370,4,3,2,Yes,West
1493,388206,999,3,1,0,Yes,North
1494,81533,3460,5,4,3,No,South
1495,229107,2911,4,1,0,No,East
1496,413077,2061,3,2,1,Yes,South
1497,363191,4284,5,3,2,No,East
1498,492865,3299,5,1,4,Yes,West
1499,198782,4574,2,1,5,Yes,East
1500,69623,2320,1,1,4,No,East
1501,59280,2036,4,2,4,Yes,North
1502,99752,1715,3,4,5,No,North
1503,339251,2418,3,2,2,Yes,North
1504,83389,1038,4,3,2,No,West
1505,499369,1969,1,1,5,No,East
1506,378533,3162,4,3,1,No,East
1507,248531,1916,4,2,1,Yes,East
1508,481941,964,2,1,2,No,South
1509,376311,2990,1,3,3,Yes,West
1510,293554,4076,4,3,4,Yes,East
1511,306626,2776,5,4,0,No,West
1512,309387,3795,1,4,3,Yes,North
1513,330345,815,4,2,1,Yes,South
1514,178086,4864,1,1,2,No,North
1515,422188,677,2,1,2,No,West
1516,377833,3305,1,2,1,Yes,West
1517,401507,1647,5,1,1,Yes,South
1518,332546,3160,1,3,4,Yes,West
1519,202764,4731,4,4,1,Yes,North
1520,344317,2768,1,4,3,No,South
1521,67989,2552,1,1,1,No,East
1522,53597,1690,5,2,1,No,East
1523,424876,1420,4,2,5,Yes,West
1524,432980,4730,2,3,1,No,West
1525,113298,2478,4,3,2,No,West
1526,205134,620,5,2,2,No,East
1527,234688,3026,1,3,4,No,West
1528,454132,3119,4,3,5,No,West
1529,225069,3185,2,1,0,No,South
1530,329572,2579,3,2,1,No,East
1531,265529,3101,3,3,1,No,East
1532,112663,4001,2,4,4,No,North
1533,367581,1813,5,3,2,Yes,South
1534,268923,1711,4,3,2,Yes,North
1535,420086,1495,5,4,2,No,West
1536,186247,4782,1,2,0,Yes,South
1537,122805,3214,4,3,1,No,East
1538,211009,2371,4,3,1,No,West
1539,421442,4666,3,2,0,No,West
1540,256202,857,1,2,2,Yes,West
1541,407076,3315,5,2,0,Yes,West
1542,129271,2068,3,3,3,No,North
1543,80635,1487,4,3,3,Yes,South
1544,137184,4952,5,1,1,Yes,East
1545,281531,2785,3,3,3,No,East
1546,371362,1078,4,4,1,No,North
1547,497480,3103,4,2,5,Yes,West
1548,329595,2436,5,3,5,No,West
1549,469470,1352,1,3,3,Yes,West
1550,430182,2560,2,1,2,Yes,North
1551,498410,2172,2,1,5,Yes,North
1552,150822,2854,2,3,3,No,South
1553,404350,2001,4,1,4,No,North
1554,152998,3568,4,1,5,No,West
1555,131508,1171,1,2,3,Yes,West
1556,205692,4550,4,4,0,No,West
1557,250520,4460,5,3,0,Yes,North
1558,264433,3210,4,4,5,Yes,West
1559,289944,3166,4,2,4,Yes,East
1560,109702,4538,5,4,5,Yes,West
1561,182904,2576,5,1,3,No,East
1562,220524,3473,1,2,0,No,East
1563,324393,2747,2,4,4,Yes,West
1564,220848,3343,4,4,1,No,East
1565,180245,3341,5,4,1,No,South
1566,68621,3192,1,4,1,Yes,West
1567,351219,4962,4,2,2,No,North
1568,181779,3062,2,3,5,No,South
1569,416937,3556,5,1,1,No,North
1570,193721,3524,3,1,0,Yes,East
1571,66583,2643,3,4,2,No,West
1572,348085,2526,5,4,2,Yes,East
1573,302213,955,4,1,3,Yes,North
1574,465026,3237,3,1,5,Yes,East
1575,327965,2663,4,1,5,Yes,West
1576,342126,2318,3,3,5,No,West
1577,429856,733,3,4,0,Yes,South
1578,383080,925,3,2,5,Yes,East
1579,366830,2525,4,4,4,No,North
1580,51818,3945,5,2,3,No,West
1581,51096,4405,1,2,0,No,South
1582,109721,2667,2,2,4,No,South
1583,478872,1670,1,4,4,Yes,West
1584,147078,4108,5,2,3,Yes,West
1585,250400,3037,5,3,2,No,West
1586,274858,3992,4,2,2,Yes,East
1587,334436,2524,5,4,4,No,North
1588,350200,3148,2,2,5,No,South
1589,318527,4093,4,1,5,No,East
1590,315822,3021,4,1,3,No,East
1591,302641,3038,4,1,5,Yes,North
1592,416578,2451,1,4,5,Yes,East
1593,80176,1102,2,3,2,Yes,South
1594,397595,2672,4,4,5,Yes,East
1595,445504,4465,3,3,2,No,North
1596,305463,2753,5,4,5,No,East
1597,478754,1437,4,1,5,Yes,North
1598,163906,3102,4,4,5,No,West
1599,490477,2243,1,2,5,Yes,East
1600,164427,2553,2,3,0,Yes,South
1601,309014,1279,5,1,5,No,West
1602,381060,3771,1,3,5,Yes,North
1603,332240,3497,1,2,0,Yes,East
1604,133537,4934,1,1,5,No,South
1605,277395,4940,2,2,0,No,West
1606,227212,4234,2,1,1,Yes,West
1607,71774,3124,2,2,0,No,West
1608,225553,1826,4,2,0,Yes,North
1609,163923,4261,5,1,5,Yes,West
1610,430215,3541,5,1,4,No,North
1611,396525,2979,3,1,1,Yes,South
1612,393833,2630,4,3,5,Yes,East
1613,298039,3005,4,4,2,No,West
1614,339731,2118,3,4,4,No,West
1615,251976,3336,2,1,5,Yes,South
1616,346179,2475,5,1,2,No,West
1617,281294,610,1,2,1,Yes,South
1618,406448,1311,1,2,3,Yes,West
1619,258745,1123,5,3,3,No,South
1620,349295,4657,1,3,5,No,North
1621,342618,971,1,2,1,Yes,West
1622,324062,1105,5,3,0,Yes,West
1623,179096,3990,1,2,1,Yes,South
1624,61010,4830,1,4,0,No,South
1625,454113,4373,2,4,5,Yes,West
1626,210039,4125,4,4,4,No,South
1627,475201,4871,3,4,5,No,West
1628,397093,4701,2,1,2,No,South
1629,57925,3131,3,4,3,Yes,West
1630,90733,2544,2,3,2,Yes,North
1631,177281,1014,5,3,4,No,North
1632,171477,1693,1,1,0,No,South
1633,286044,4924,1,4,2,No,North
1634,471396,1673,2,4,0,Yes,South
1635,240374,3568,2,2,5,No,North
1636,191585,2522,3,3,0,Yes,South
1637,396810,2570,5,3,2,Yes,South
1638,204449,878,3,3,3,Yes,East
1639,176741,575,2,1,1,No,East
1640,387359,3057,4,2,0,Yes,North
1641,180373,2408,5,2,2,Yes,North
1642,418799,1795,2,1,0,No,North
1643,429790,3065,4,3,1,No,East
1644,142057,4796,4,4,5,Yes,North
1645,463844,1651,3,1,3,No,North
1646,349440,2875,4,4,1,No,East
1647,188671,2339,2,2,2,No,East
1648,337565,2285,1,4,4,Yes,East
1649,92167,615,1,3,4,No,South
1650,84274,1934,2,3,5,No,North
1651,307850,3234,1,2,5,No,South
1652,255602,3155,4,3,1,Yes,South
1653,69563,4940,2,1,1,No,North
1654,439158,4636,5,3,0,Yes,North
1655,82777,4164,2,1,2,Yes,West
1656,421798,4853,1,1,5,Yes,West
1657,351991,2962,1,4,5,Yes,North
1658,351146,553,3,1,2,No,North
1659,325892,1122,4,3,1,No,South
1660,116403,3542,4,4,5,Yes,East
1661,362028,1229,1,3,5,Yes,West
1662,241452,1620,5,2,0,No,North
1663,73880,2304,2,1,3,Yes,North
1664,169510,3201,2,3,0,Yes,South
1665,329457,3499,2,1,2,Yes,South
1666,218722,771,3,2,1,No,North
1667,143586,2046,3,3,3,Yes,South
1668,498576,1961,5,4,5,No,West
1669,130559,733,1,2,4,Yes,East
1670,115993,2793,4,4,3,Yes,East
1671,116077,1888,5,2,4,No,North
1672,487447,1112,1,1,3,No,West
1673,200373,788,2,1,2,No,East
1674,429842,4929,2,2,4,Yes,South
1675,110804,3749,2,3,0,No,South
1676,312892,3879,5,1,0,No,South
1677,124966,2240,2,2,5,Yes,South
1678,273652,1824,4,3,0,Yes,East
1679,326332,2355,4,1,0,No,South
1680,383862,1658,1,2,1,No,East
1681,188986,1074,3,1,3,No,South
1682,362180,1865,1,4,2,Yes,East
1683,128452,4960,2,4,3,Yes,North
1684,98822,4617,2,3,1,Yes,West
1685,266539,2909,1,3,3,Yes,South
1686,455357,949,1,3,5,No,East
1687,71708,4581,2,2,3,No,West
1688,116729,998,4,2,5,No,North
1689,321037,2849,1,3,5,No,West
1690,98270,3012,1,3,1,Yes,North
1691,339057,2928,1,3,4,Yes,West
1692,136793,2163,5,3,5,Yes,East
1693,445868,2002,2,2,4,No,North
1694,345378,905,2,2,2,No,West
1695,159936,3749,5,3,5,Yes,West
1696,162979,3116,3,4,0,No,South
1697,497139,4614,2,2,2,Yes,South
1698,153164,1006,4,2,4,Yes,West
1699,145596,567,1,4,1,No,West
1700,390541,4753,5,4,3,No,East
1701,280286,1908,1,4,1,Yes,North
1702,450388,4074,4,2,0,Yes,North
1703,417932,4783,4,2,1,Yes,East
1704,108506,4682,1,1,2,No,North
1705,364957,1905,4,4,3,Yes,North
1706,481284,3682,1,2,0,No,West
1707,107928,1052,3,4,4,No,North
1708,212705,3189,5,4,4,Yes,South
1709,383222,3701,2,4,2,No,West
1710,440312,2850,3,4,5,No,South
1711,411897,2384,3,3,0,Yes,North
1712,187499,774,4,4,4,No,North
1713,188340,1813,1,1,4,Yes,South
1714,221166,526,2,4,1,No,South
1715,236187,4307,1,1,1,No,South
1716,340903,1403,4,3,5,Yes,East
1717,314373,3861,5,2,1,Yes,East
1718,333603,2806,1,4,1,No,East
1719,272003,4252,4,3,0,No,South
1720,185146,2247,4,1,5,No,South
1721,351495,3102,1,2,3,No,North
1722,95807,848,5,2,1,No,South
1723,487616,3514,3,3,1,No,East
1724,481928,2637,5,4,4,Yes,South
1725,242152,4731,5,3,0,No,North
1726,60468,2488,3,2,4,No,East
1727,370081,538,2,1,2,No,West
1728,421496,4019,2,2,3,No,North
1729,414396,746,5,3,2,No,South
1730,70041,4192,1,1,5,Yes,West
1731,212212,4594,4,4,3,No,West
1732,245165,3193,5,2,5,No,West
1733,301751,3201,5,3,2,No,North
1734,174138,4784,2,2,4,Yes,West
1735,365737,4012,2,4,3,Yes,West
1736,348003,992,2,4,0,Yes,North
1737,389331,2174,1,1,4,Yes,South
1738,282213,2420,5,2,5,No,West
1739,227283,683,2,3,2,Yes,East
1740,419412,698,5,3,3,Yes,West
1741,289868,4817,1,3,5,Yes,South
1742,480133,4669,1,1,0,No,East
1743,463703,2673,2,3,2,Yes,North
1744,418758,2139,4,2,1,Yes,North
1745,177600,1546,4,4,1,Yes,South
1746,425757,3445,4,2,1,Yes,East
1747,259064,3334,3,2,3,Yes,East
1748,136125,1096,1,2,5,No,North
1749,99109,4622,5,4,1,Yes,South
1750,224728,4277,1,2,4,No,East
1751,297000,2452,1,4,2,No,North
1752,412321,3659,4,3,3,No,East
1753,84224,2747,4,1,2,Yes,West
1754,99773,1565,2,2,1,Yes,West
1755,94692,673,2,3,1,Yes,North
1756,190248,3997,4,3,0,No,South
1757,415158,4434,4,2,0,No,West
1758,140255,818,1,4,0,Yes,South
1759,377595,1064,4,1,5,Yes,North
1760,435943,4585,1,1,5,No,North
1761,111893,4985,1,4,1,No,South
1762,420952,3844,1,4,0,No,South
1763,454637,2413,3,3,1,No,South
1764,252121,1192,2,3,2,No,South
1765,193506,4767,2,1,3,Yes,North
1766,325864,3906,4,1,1,No,East
1767,82135,501,4,2,5,Yes,West
1768,137417,4145,4,1,2,No,North
1769,449870,1042,5,4,5,No,South
1770,480467,2353,3,4,3,Yes,West
1771,88265,3625,4,4,4,Yes,South
1772,189455,3568,2,2,1,No,West
1773,339619,1557,3,3,0,Yes,North
1774,157931,4817,2,3,0,No,North
1775,164462,2375,5,4,5,Yes,North
1776,192717,4417,4,2,4,Yes,West
1777,185951,2405,1,3,5,No,East
1778,345789,3553,3,1,4,Yes,South
1779,285585,4669,2,4,2,No,East
1780,461803,3235,2,3,3,Yes,East
1781,466381,4542,5,4,2,Yes,North
1782,421540,4666,5,1,0,Yes,South
1783,87488,1751,3,3,3,No,West
1784,445705,2637,1,3,2,Yes,East
1785,248266,4708,5,1,4,No,North
1786,446075,4135,2,1,1,Yes,East
1787,111433,994,2,3,3,No,East
1788,271451,973,5,1,1,No,East
1789,368945,4708,1,2,0,Yes,East
1790,108427,2296,2,2,2,Yes,South
1791,363326,3870,2,3,3,No,South
1792,174319,508,4,4,0,Yes,North
1793,336871,1518,4,1,2,Yes,West
1794,453225,4511,3,3,5,Yes,East
1795,203218,3372,1,4,3,Yes,East
1796,290406,1901,3,2,2,No,South
1797,458554,2674,2,3,1,No,North
1798,349764,3850,4,2,2,Yes,West
1799,494127,4625,1,2,5,No,West
1800,277382,3619,4,1,0,Yes,South
1801,367641,3398,1,2,5,No,South
1802,382138,2912,2,1,0,No,North
1803,428156,1247,3,3,5,No,East
1804,130528,4024,3,1,5,No,West
1805,86038,4380,1,2,5,No,West
1806,79988,3620,2,2,1,No,North
1807,368741,3218,1,2,1,Yes,East
1808,289956,701,4,4,2,Yes,East
1809,497717,4514,2,4,3,No,West
1810,479770,1829,5,4,5,Yes,North
1811,383422,2152,5,3,1,Yes,East
1812,66895,4196,4,4,5,Yes,South
1813,403208,562,4,1,5,No,South
1814,377666,1077,1,3,0,No,North
1815,459984,3385,3,3,4,Yes,East
1816,280615,2634,4,4,0,Yes,North
1817,230008,1053,1,1,0,No,North
1818,130077,1884,4,3,2,Yes,North
1819,302722,1334,4,3,5,No,South
1820,208696,2153,5,2,1,Yes,North
1821,418366,3680,5,1,2,No,East
1822,74444,4171,3,2,3,No,North
1823,118450,2421,5,3,0,Yes,South
1824,285729,2889,4,3,2,Yes,East
1825,305713,4075,2,3,0,No,South
1826,406850,2932,5,4,4,Yes,East
1827,494057,2307,5,2,0,Yes,South
1828,379825,1844,1,3,2,Yes,East
1829,470461,2763,2,3,5,Yes,South
1830,61499,4575,4,1,0,No,South
1831,375015,627,3,4,5,Yes,South
1832,128530,4356,4,2,4,Yes,South
1833,96703,3915,4,1,0,Yes,North
1834,309860,787,2,3,4,No,West
1835,73308,2774,1,4,2,No,East
1836,212951,2365,3,4,4,No,South
1837,331402,3873,3,1,2,Yes,North
1838,184044,3855,2,2,4,Yes,East
1839,338195,3744,5,2,1,No,North
1840,375109,3764,4,2,5,No,West
1841,358841,535,5,3,4,No,North
1842,271166,4677,4,3,0,Yes,East
1843,190355,2887,3,3,4,Yes,West
1844,399584,4888,4,2,2,Yes,South
1845,104756,2080,4,2,2,Yes,South
1846,458854,1265,2,4,4,No,West
1847,71473,2450,1,3,5,Yes,East
1848,393875,977,1,2,1,Yes,North
1849,303155,1533,3,1,4,No,East
1850,159632,2367,3,1,2,Yes,South
1851,90906,1660,5,4,5,Yes,South
1852,215264,1287,4,1,2,Yes,South
1853,425309,4585,4,2,2,No,East
1854,496080,1704,3,1,5,No,North
1855,448351,1273,1,4,3,No,South
1856,483996,4569,4,2,1,Yes,East
1857,118742,2913,1,2,2,No,South
1858,354614,4507,2,4,4,No,North
1859,369355,1351,1,2,1,Yes,South
1860,195105,1166,4,3,2,No,South
1861,133277,4900,5,2,1,No,South
1862,53581,4418,2,4,1,No,East
1863,170249,3238,1,2,2,No,South
1864,434478,1151,1,2,3,Yes,North
1865,478306,774,1,2,4,No,West
1866,149524,3593,3,2,0,No,East
1867,328506,3720,3,4,1,Yes,West
1868,398852,2229,4,2,0,No,West
1869,419596,1220,5,4,3,No,East
1870,445622,2199,5,4,3,No,East
1871,337290,3724,1,4,3,Yes,East
1872,241375,1705,3,3,5,Yes,North
1873,476052,3713,5,4,3,Yes,West
1874,220837,1035,2,1,5,No,South
1875,263299,2434,4,1,4,No,South
1876,221831,2978,5,2,3,Yes,West
1877,425670,4171,5,2,0,Yes,East
1878,274726,1215,2,4,5,Yes,East
1879,144721,1575,3,3,1,No,South
1880,167834,4939,5,4,1,Yes,South
1881,60570,2325,5,1,3,No,North
1882,263869,2867,3,3,2,No,West
1883,380417,1819,2,4,5,Yes,East
1884,283432,1975,5,2,0,Yes,North
1885,292584,839,3,1,4,No,West
1886,295395,2361,4,4,0,No,South
1887,312800,804,5,1,1,Yes,East
1888,68346,3549,3,1,1,No,West
1889,235398,2853,3,2,3,Yes,South
1890,176009,4372,1,1,2,No,East
1891,478610,4790,3,1,2,Yes,North
1892,429939,1494,3,1,1,No,East
1893,215565,1543,2,3,2,Yes,North
1894,432218,3594,4,1,2,No,North
1895,172050,2226,2,1,5,No,East
1896,116100,1326,4,4,0,Yes,North
1897,296193,2356,3,1,2,No,South
1898,163860,1057,4,2,0,No,South
1899,93440,1408,1,4,1,Yes,East
1900,267227,4124,4,2,5,Yes,East
1901,335180,4260,3,3,2,Yes,North
1902,341339,2604,3,4,1,Yes,East
1903,269594,2123,5,3,4,No,West
1904,466579,589,3,4,2,No,East
1905,395823,4495,3,1,2,Yes,South
1906,248060,519,5,3,1,Yes,West
1907,409301,4629,2,1,3,No,West
1908,359703,4815,4,4,1,Yes,East
1909,390943,1387,5,2,1,No,South
1910,81580,4919,2,1,2,Yes,North
1911,276209,629,2,1,0,Yes,East
1912,304198,4504,1,4,3,Yes,South
1913,249257,1112,4,1,2,No,South
1914,124765,3205,4,2,5,Yes,North
1915,330320,1645,1,4,4,No,West
1916,74325,3671,2,3,5,Yes,North
1917,465046,1707,2,3,4,No,West
1918,258213,1662,2,3,5,No,South
1919,106041,1097,5,2,1,Yes,South
1920,338167,4924,1,2,5,No,West
1921,233221,652,4,1,5,Yes,East
1922,186306,1052,4,1,2,No,East
1923,344140,3517,1,1,5,No,East
1924,181430,4595,2,4,3,Yes,West
1925,92961,2388,2,4,5,No,North
1926,318513,3042,2,3,3,Yes,East
1927,153395,4139,2,1,2,Yes,West
1928,69004,626,1,4,4,No,South
1929,80317,2410,2,2,0,Yes,West
1930,207581,1192,5,3,4,Yes,East
1931,371090,2867,3,2,3,Yes,North
1932,207207,4015,4,1,0,Yes,East
1933,407322,4257,4,2,3,Yes,South
1934,287753,4883,2,3,4,No,South
1935,200482,2175,1,2,5,No,North
1936,122348,1880,5,2,3,No,North
1937,371375,4046,5,3,1,No,West
1938,448791,4865,3,3,0,Yes,West
1939,254223,2085,4,2,0,No,West
1940,158106,3954,2,3,5,Yes,North
1941,321339,4247,3,3,4,No,East
1942,249766,1842,3,2,2,No,South
1943,101989,3618,2,1,3,Yes,East
1944,139361,2944,1,2,4,Yes,South
1945,296639,2093,1,3,1,No,West
1946,280425,2122,3,1,5,No,South
1947,152459,4957,5,3,5,No,South
1948,79420,4803,1,4,4,Yes,West
1949,128285,1698,3,2,5,Yes,West
1950,178095,1338,2,3,4,No,West
1951,158334,4876,1,4,5,Yes,South
1952,76675,3337,4,2,4,No,East
1953,146340,1433,5,4,3,Yes,North
1954,292829,1195,5,4,1,No,South
1955,493722,2305,5,3,3,No,East
1956,447846,2432,3,3,0,No,South
1957,208231,3879,1,2,0,Yes,South
1958,238271,4003,4,2,1,Yes,North
1959,251731,822,2,4,5,No,North
1960,181929,4815,4,4,0,No,South
1961,451935,3311,4,2,0,No,North
1962,401444,770,5,3,5,Yes,South
1963,466987,3242,1,3,3,Yes,South
1964,347246,4247,2,2,5,Yes,East
1965,176521,4479,5,2,5,No,East
1966,197582,4848,5,4,0,No,South
1967,381110,2938,5,3,2,Yes,East
1968,374292,654,3,2,1,Yes,East
1969,238869,1900,3,2,1,No,South
1970,465152,1818,2,4,0,No,South
1971,221244,4718,1,3,0,No,East
1972,299628,505,5,3,5,No,West
1973,56186,1735,5,4,3,No,East
1974,184016,4362,5,2,5,No,North
1975,396180,638,5,4,0,No,North
1976,217824,3505,3,3,5,Yes,West
1977,375792,1009,3,1,4,No,North
1978,461776,1601,4,1,0,Yes,East
1979,477960,2510,4,1,2,No,East
1980,322407,1917,2,1,4,No,South
1981,180239,1694,5,2,2,No,East
1982,134235,2367,3,1,0,Yes,North
1983,458522,3922,4,4,1,No,South
1984,466308,3038,5,1,4,Yes,North
1985,127001,4306,3,2,4,No,West
1986,159200,2385,2,4,4,Yes,West
1987,396886,4776,4,1,1,Yes,West
1988,160761,506,2,4,3,No,North
1989,301653,585,5,2,1,No,West
1990,383640,4023,4,3,4,Yes,South
1991,173538,1468,3,4,4,No,South
1992,470864,1112,1,1,2,Yes,West
1993,320207,4227,2,1,3,No,East
1994,322027,2252,5,1,3,Yes,North
1995,134088,661,4,2,2,Yes,North
1996,486962,3872,5,2,5,Yes,South
1997,487369,3694,2,4,1,Yes,South
1998,208111,1886,5,2,5,No,West
1999,288449,780,4,2,4,Yes,West
2000,289806,4096,1,3,0,No,East
